File Path,Top-left,Bottom-Right,Time
C:\Users\41162395\anomaly-python\train_test\1662092820_7696736.jpg,"(19, 433)","(236, 454)",1663126457.5713115
C:\Users\41162395\anomaly-python\train_test\1662237130_2321591.jpg,"(19, 433)","(236, 454)",1663126457.5908997
C:\Users\41162395\anomaly-python\train_test\1662237378_8783102.jpg,"(20, 445)","(237, 466)",1663126457.6059003
C:\Users\41162395\anomaly-python\train_test\template.jpg,"(0, 0)","(217, 21)",1663126457.638899
C:\Users\41162395\anomaly-python\train_test\test1.jpg,"(19, 433)","(236, 454)",1663126457.654902
C:\Users\41162395\anomaly-python\train_test\test2.jpg,"(19, 433)","(236, 454)",1663126457.6738992
C:\Users\41162395\anomaly-python\train_test\test3.jpg,"(18, 444)","(235, 465)",1663126457.6909015
C:\Users\41162395\anomaly-python\train_test\test4.jpg,"(19, 433)","(236, 454)",1663126457.7088969
C:\Users\41162395\anomaly-python\train_test\test5-20.jpg,"(20, 433)","(237, 454)",1663126457.722896
